episode,steps,reward,energy_cost
1,150,-6.064732985064022,0.05993935245139567
2,46,-4.065606210857174,0.07676767984797114
3,150,-7.469724250756985,0.20198962597473566
4,150,-10.640482520825227,0.06680646329291098
5,150,-8.159098188608063,0.19425111123083177
6,150,-15.350876702035416,0.045298372928054054
7,150,-13.953087960254623,0.1823266561461991
8,150,-11.946676066762494,0.0867878119179804
9,54,-4.169049598450905,0.08742917659459831
10,150,-12.062856351150193,0.05573429467123058
